{
	"type":"Live2D Physics",
	"physics_hair":[
		{
			"setup":{
				"length":0.28,
				"regist":12,
				"mass":1.6
			},
			"src":[
				{
					"id":"PARAM_ANGLE_X",
					"ptype":"x",
					"scale":0.005,
					"weight":1
				},
				{
					"id":"PARAM_ANGLE_Z",
					"ptype":"angle",
					"scale":1.6,
					"weight":0.4
				},
				{
					"id":"PARAM_BODY_ANGLE_X",
					"ptype":"x",
					"scale":0.005,
					"weight":1
				},
				{
					"id":"PARAM_BODY_ANGLE_Z",
					"ptype":"angle",
					"scale":1.6,
					"weight":0.5
				}
			],
			"targets":[
				{
					"id":"physical",
					"ptype":"angle",
					"scale":0.025,
					"weight":1
				},
				{
					"id":"PARAM_BODY_ANGLE_Z",
					"ptype":"angle",
					"scale":0.025,
					"weight":1.6
				}
			]
		}
	]
}